,legal,population,pourcentage
0,Yes,83,70.33898305084746
1,No,16,13.559322033898304
2,Unknown,19,16.101694915254235
